"Period","Vacancy Rate","Net Absorption SF","Available SF Total","Available SF Direct","Available SF Sublet","Market Asking Rent/SF","Market Asking Rent Growth","Inventory SF","Under Constr SF","Under Constr % of Inventory","12 Mo Net Absorp SF","Market Sale Price/SF","12 Mo Sales Vol","12 Mo Sales Vol Growth","Year","Submarket","Asset Value","Availability Rate","Market Cap Rate"
"2025 Q3",0.171258548155265,-898732,"42291984","37237039","5143650",38.3001590478361,"-0.00933941403743237",236049029,"4835532","0.0204852865545996",-2343452,402.05780902376,"1837242575","0.504021500826769",2025,"Greater Seattle Metro",NA,NA,NA
"2025 Q2",0.167852305592166,-936117,"43884770","38441588","5524678",38.5445910830828,"0.00668144505935899",236162821,"4803632","0.0203403396845433",-1618982,401.196968522495,"1945503199","1.44158396233446",2025,"Greater Seattle Metro",NA,NA,NA
"2025 Q1",0.163938274623025,-166427,"43794358","38538344","5456763",38.6154459519853,"0.0148684885043954",236176897,"4795209","0.0203034634670469",-768657,398.097146194555,"1606884777","1.7344648122377",2025,"Greater Seattle Metro",NA,NA,NA
"2024 Q4",0.161231859222996,-342176,"43491623","37704179","6021949",38.6639740449041,"0.01438908368408",235613254,"5397305","0.0229074761643078",-1808701,404.068386126064,"1638651148","2.29942374441375",2024,"Greater Seattle Metro",NA,NA,NA
"2024 Q3",0.158860709429436,-174262,"43160138","37119013","6274862",38.661232303516,"0.0125373472237466",235355867,"5732654","0.0243573872751598",-3098472,413.44881334165,"1221553398","0.887017362223044",2024,"Greater Seattle Metro",NA,NA,NA
"2024 Q2",0.153758167060855,-85792,"42781283","36750005","6242528",38.2887667913756,"0.00396783854115048",234142678,"6945843","0.0296650019523566",-3589364,404.081571260181,"796820109","-0.131605433560254",2024,"Greater Seattle Metro",NA,NA,NA
"2024 Q1",0.153593911321417,-1206471,"42563497","35936119","6893107",38.0497043601114,"-0.0019483889966702",234198600,"6984994","0.0298250886213667",-4216792,409.076566182754,"587641417","-0.720770483098891",2024,"Greater Seattle Metro",NA,NA,NA
"2023 Q4",0.142959067997343,-1631947,"41755538","35026294","6922996",38.1155265438026,"-0.0024453152972527",232700195,"8520918","0.036617579972376",-4669837,427.391634975501,"496647680","-0.858217453232355",2023,"Greater Seattle Metro",NA,NA,NA
"2023 Q3",0.129013611393023,-665154,"40624010","33487429","7306519",38.1825247330583,"0.0011870943917299",230848084,"10372815","0.0449335113389982",-3351348,437.699207216511,"647346136","-0.858901340059538",2023,"Greater Seattle Metro",NA,NA,NA
"2023 Q2",0.120655988814737,-713220,"38646953","31782131","7019638",38.1374435729061,"0.00768241767718649",229410436,"11766447","0.0512899378300297",-2873327,449.020531306129,"917578414","-0.860943525295853",2023,"Greater Seattle Metro",NA,NA,NA
"2023 Q1",0.113939363933577,-1659516,"37170383","30575509","6777370",38.1239847124343,"0.0100936644083935",228480949,"12355385","0.0540762153434508",-3166547,459.846442278365,"2104510381","-0.680145561135629",2023,"Greater Seattle Metro",NA,NA,NA
"2022 Q4",0.103537889448377,-313458,"33665252","27625510","6310610",38.2089594969526,"0.0129316435447133",227662908,"13162553","0.0578159750116167",-2188233,477.245467827487,"3502883051","-0.355035103356059",2022,"Greater Seattle Metro",NA,NA,NA
"2022 Q3",0.101962490877152,-187133,"32284085","26692297","5796711",38.1372522148381,"0.00815135110599199",227612574,"12733249","0.0559426431335907",-1482631,493.812188942993,"4587897123","-0.263177417786439",2022,"Greater Seattle Metro",NA,NA,NA
"2022 Q2",0.102822422503572,-1006440,"30070337","25432353","4818315",37.8466894964952,"0.00210260572476445",228039317,"11689968","0.0512629495377764",-696191,507.126515688799,"6598602589","0.477773010768893",2022,"Greater Seattle Metro",NA,NA,NA
"2022 Q1",0.0969294639257018,-681202,"28390179","23661401","4923858",37.7430193414423,"0.00028236312924631",227665718,"11379361","0.0499827602502718",409756,506.788319274719,"6579587854","0.956989702628114",2022,"Greater Seattle Metro",NA,NA,NA
"2021 Q4",0.0928943246494437,392144,"27208465","22351654","4945519",37.7211628646943,"-0.00200543010058802",227408349,"11459649","0.0503923846700985",-1645021,512.795446270825,"5431122018","0.423002794153214",2021,"Greater Seattle Metro",NA,NA,NA
"2021 Q3",0.0913547995501968,599307,"27193977","22202405","5082835",37.8288956048114,"-0.00165776417082579",226587077,"11697630","0.0516253184200792",-3127921,514.454414121289,"6226596787","-0.00180426897171098",2021,"Greater Seattle Metro",NA,NA,NA
"2021 Q2",0.0905324256754369,99507,"26029437","20551171","5587772",37.7672797977836,"-0.00472646679448837",225723224,"10992811","0.0487003986794022",-4513132,502.733098477002,"4465234201","-0.400881837324809",2021,"Greater Seattle Metro",NA,NA,NA
"2021 Q1",0.0860322826853582,-2735979,"26183463","19684198","6432428",37.7323651127552,"-0.0128928616118886",224502947,"11014895","0.0490634762135216",-3839506,486.405111361643,"3362096308","-0.650632372850422",2021,"Greater Seattle Metro",NA,NA,NA
"2020 Q4",0.0717969385986028,-1090756,"23907833","18017567","5925295",37.7969620300601,"0.0049124405889624",224007476,"11170076","0.049864746478372",-177585,486.777774576578,"3816662933","-0.646790267178982",2020,"Greater Seattle Metro",NA,NA,NA
"2020 Q3",0.0654786943813095,-785904,"21182852","16202948","5019661",37.8917111258871,"0.0113521933058498",223660156,"11213010","0.0501341419076896",974614,471.332891889378,"6237851549","-0.0922151440507923",2020,"Greater Seattle Metro",NA,NA,NA
"2020 Q2",0.059360526912482,773133,"18528142","14744421","3771834",37.9466333000389,"0.0233443840803532",223040911,"9761149","0.0437639397912969",3687399,468.342812456496,"7453010907","0.0373701816804385",2020,"Greater Seattle Metro",NA,NA,NA
"2020 Q1",0.0560711384779154,925942,"16859412","13716730","3125656",38.2251972915219,"0.0472155047257705",221444603,"10868655","0.0490806949131201",4380057,469.157752313433,"9623376772","0.650978408710315",2020,"Greater Seattle Metro",NA,NA,NA
"2019 Q4",0.0547158822037284,61443,"16765823","13586622","3172864",37.6121943598469,"0.0473743839570146",220147579,"10013300","0.0454844883849484",4646546,463.341882799688,"10805656182","1.40170352396877",2019,"Greater Seattle Metro",NA,NA,NA
"2019 Q3",0.0544308850720051,1926881,"16680494","13555481","3121375",37.4663854754978,"0.052654723849309",220016246,"8610283","0.0391347600758537",5688700,452.8546971805,"6871508715","0.267009837411639",2019,"Greater Seattle Metro",NA,NA,NA
"2019 Q2",0.0586360423229411,1465791,"17706725","14618320","3131979",37.0810001895308,"0.0573838746642113",218952175,"8509123","0.0388629297699372",3901427,448.401786856682,"7184523942","0.568878837969337",2019,"Greater Seattle Metro",NA,NA,NA
"2019 Q1",0.0605088818264608,1192431,"17063251","14167901","2897210",36.5017487986217,"0.052414896379288",217828451,"9112160","0.0418318174607963",3544241,443.898123415325,"5828893171","0.198691541542739",2019,"Greater Seattle Metro",NA,NA,NA
"2018 Q4",0.0592257418000015,1103597,"15866927","13617937","2081737",35.910935894524,"0.0484150920546787",216263851,"7561326","0.03496342992616",4572432,441.344437998713,"4499163229","-0.0537875524199345",2018,"Greater Seattle Metro",NA,NA,NA
"2018 Q3",0.0650985011863068,139608,"16596722","14394814","2230216",35.5922836108046,"0.051637702543667",216441911,"6875457","0.0317658302323897",4029610,439.509294439884,"5423405969","0.0453084431223",2018,"Greater Seattle Metro",NA,NA,NA
"2018 Q2",0.063051226496076,1108605,"18342878","15991686","2380690",35.0686265206252,"0.0458264983188887",215819973,"7105472","0.0329231437722402",5795282,431.162154599808,"4579400122","-0.0521592171876696",2018,"Greater Seattle Metro",NA,NA,NA
"2018 Q1",0.0653157522374347,2220622,"18663478","16155517","2542671",34.6838009650013,"0.0513731025472113",215156781,"7190416","0.0334194254374906",4987990,428.038190444868,"4862713191","0.0931713448056645",2018,"Greater Seattle Metro",NA,NA,NA
"2017 Q4",0.0720563006139018,560775,"19890924","17241349","2629088",34.252593430476,"0.0444199828417011",214326615,"8224407","0.0383732416993568",2820099,421.324697095193,"4754918666","-0.0659562437119057",2017,"Greater Seattle Metro",NA,NA,NA
"2017 Q3",0.0705905703141805,1905280,"20259703","17696091","2566197",33.8446249356743,"0.0452318660844288",213385243,"6993408","0.0327736253064135",3040466,415.798256676511,"5188330779","0.202871598333589",2017,"Greater Seattle Metro",NA,NA,NA
"2017 Q2",0.0760803691118085,301313,"20578689","18095180","2522909",33.5319735893059,"0.0539830097825821",212590977,"7851976","0.0369346625656648",3073309,418.195000863375,"4831402283","-0.0506806276462011",2017,"Greater Seattle Metro",NA,NA,NA
"2017 Q1",0.0757243690879332,52731,"21208853","19037800","2180958",32.9890510618649,"0.0528735484511946",212183095,"7017881","0.033074647157918",3461237,416.042021716798,"4448262584","-0.102095786215562",2017,"Greater Seattle Metro",NA,NA,NA
"2016 Q4",0.073702503207126,781142,"21527993","18996072","2295963",32.7958043633751,"0.0508468484586107",211663028,"7785184","0.0367810291365576",4776561,416.326116416408,"5090680853","-0.0650628500864682",2016,"Greater Seattle Metro",NA,NA,NA
"2016 Q3",0.0643881337772607,1938123,"22532873","20629351","1911643",32.3800163713536,"0.0523396716275969",208720943,"8886888","0.0425778451949597",5665362,412.929313048541,"4313287292","-0.156690247283038",2016,"Greater Seattle Metro",NA,NA,NA
"2016 Q2",0.070501882559271,689241,"22613622","20965271","1713130",31.8145295304361,"0.0461316450818216",208010715,"8955616","0.0430536282710244",5510806,407.635954143154,"5089332867","0.458619189391084",2016,"Greater Seattle Metro",NA,NA,NA
"2016 Q1",0.0724894966988036,1368055,"23407508","21827273","1638935",31.3323960986509,"0.0509640349881194",207719693,"8372190","0.0403052299908801",5409022,401.845369777774,"4954050238","0.629143931426059",2016,"Greater Seattle Metro",NA,NA,NA
"2015 Q4",0.0770858143098025,1669943,"23062592","21522487","1595717",31.2089286954423,"0.064791629677016",207265502,"7899390","0.0381124206574425",5174869,395.022640302076,"5444944458","1.881358449237",2015,"Greater Seattle Metro",NA,NA,NA
"2015 Q3",0.0801111535521373,1783567,"23823854","21981970","1968499",30.7695483163466,"0.0652993418874618",206131784,"8491756","0.0411957624157563",4669397,388.178635749513,"5114712925","1.3471174170121",2015,"Greater Seattle Metro",NA,NA,NA
"2015 Q2",0.0820422987209429,587457,"24397439","22490079","1901942",30.4115927283203,"0.068284770618563",204646850,"9229306","0.0450986956310346",3546761,377.623076820678,"3489144325","0.244582128977352",2015,"Greater Seattle Metro",NA,NA,NA
"2015 Q1",0.0842049155551151,1133902,"25013374","23258109","1697746",29.813005065397,"0.0601547128383985",204488644,"6060507","0.0296373768315467",3822648,370.295920548802,"3040891687","-0.077660771625436",2015,"Greater Seattle Metro",NA,NA,NA
"2025 Q3",0.216975830382555,NA,"4013066","3426968","586098",54.6748366743783,"-0.0160839262737062",15107314,"1485000","0.0982967587752528",-820726,713.328596169431,"0","0",2025,"Bellevue CBD",11835772052.8224,"0.241862949314966",0.0651356577877564
"2025 Q2",0.159268682705609,NA,"4216812","3497386","719426",54.9258102275548,"-0.00461574777956294",15107314,"1485000","0.0982967587752528",155332,704.30647914441,"0","0",2025,"Bellevue CBD",11686074254.1985,"0.254142490312081",0.0652139172375836
"2025 Q1",0.156625062535935,NA,"4179542","3402168","777374",55.099298687332,"0.00151591557161252",15107314,"1485000","0.0982967587752528",352262,687.892776872563,"0","0",2025,"Bellevue CBD",11413732952.2015,"0.251896269561919",0.0659410449207989
"2024 Q4",0.159700129354563,NA,"4202095","3436379","765716",55.3526410481383,"0.00197894540986348",15107314,"1485000","0.0982967587752528",796849,696.491203102406,"0","0",2024,"Bellevue CBD",11556400740.1129,"0.253255513366008",0.0652668245644339
"2024 Q3",0.162649429276442,NA,"4457513","3605999","851514",55.5685979062354,"0.00148296793960196",15107314,"1485000","0.0982967587752528",1083122,707.651410978649,"0","0",2024,"Bellevue CBD",11741574413.5008,"0.268649267365601",0.0646939453442118
"2024 Q2",0.138766419121603,NA,"4243919","3553713","690206",55.1805095419482,"-0.00733186601651037",14567314,"2025000","0.139009840798379",1770913,700.814809817618,"0","0",2024,"Bellevue CBD",11628139380.3442,"0.255776198545905",0.0646370460148597
"2024 Q1",0.149543423035983,NA,"4274470","3591976","682494",55.0158992290045,"-0.0105032285513556",14567314,"2025000","0.139009840798379",1665488,707.243040367896,"0","0",2024,"Bellevue CBD",11734798600.0988,"0.257617472764799",0.0638771002698599
"2023 Q4",0.147861522094404,NA,"4798082","4053140","744942",55.2433175384699,"-0.000686253653312526",13962314,"2630000","0.188364192353789",832561,750.333819306759,"0","0",2023,"Bellevue CBD",12449774334.757,"0.289174975835197",0.0614543434915106
"2023 Q3",0.102590254221443,NA,"4646822","3936481","710341",55.4863134822545,"0.00562436756568151",12889314,"3703000","0.287292248447047",497762,770.111715477522,"0","0",2023,"Bellevue CBD",12777935398.2817,"0.280058706699982",0.0600409761081547
"2023 Q2",0.0940332526325295,NA,"3829612","3057892","771720",55.5880738515436,"0.0110649337248357",11893314,"4699000","0.395095933732179",-321196,790.918419686079,"0","-1",2023,"Bellevue CBD",13123166767.8152,"0.230806384208978",0.0585199475062369
"2023 Q1",0.0983690500393751,NA,"3844241","2983800","860441",55.5998774492816,"0.0219616205300228",11893314,"4699000","0.395095933732179",-766045,809.635665058478,"0","-1",2023,"Bellevue CBD",13433729180.2491,"0.231688057494572",0.0571489065055664
"2022 Q4",0.0696231512932392,NA,"2738419","1925699","812720",55.2812545013312,"0.0164507274796779",11893314,"4699000","0.395095933732179",-394448,837.216566189954,"0","-1",2022,"Bellevue CBD",13891360152.2255,"0.165041416164135",0.0553707305826059
"2022 Q3",0.069289350302195,NA,"2598480","1848019","750461",55.1759834704189,"0.0105639418338969",11893314,"4699000","0.395095933732179",243781,865.629370198665,"0","-1",2022,"Bellevue CBD",14362794317.9585,"0.156607450895638",0.0533562574122573
"2022 Q2",0.0959377280546315,NA,"1838983","1357587","481396",54.9797268180918,"0.0160010327952704",12273649,"4214000","0.343337177069346",603055,889.091488113581,"143200000","0.988888888888889",2022,"Bellevue CBD",14752085145.5078,"0.111537005670123",0.051590724613095
"2022 Q1",0.0638949345870979,NA,"1793363","1306103","487260",54.4050542920053,"0.00215340714425791",12273649,"4214000","0.343337177069346",891030,886.566538778401,"143200000","0.988888888888889",2022,"Bellevue CBD",14710190393.3044,"0.108770086020148",0.0509753225504291
"2021 Q4",0.0678650351779983,NA,"1793416","1345482","447934",54.38655608856,"0.00608407958924421",12294048,"4214000","0.342767492041677",819001,896.845297681897,"143200000","-0.697571277719113",2021,"Bellevue CBD",14880738788.5615,"0.108638889346578",0.0501021757371516
"2021 Q3",0.0651633741069122,NA,"1811357","1296009","515348",54.5992006901509,"0.00571913693773244",11580048,"4928000","0.425559548630541",86981,897.428131143149,"143200000","-0.931087584215592",2021,"Bellevue CBD",14890409344.3603,"0.109725692583399",0.0497948295450532
"2021 Q2",0.0670268833242123,NA,"1337376","685082","652294",54.1138493401222,"0.000660259877116922",11246935,"4160000","0.369878549133608",-344789,879.189668183733,"72000000","-0.964308729489912",2021,"Bellevue CBD",14587791040.0603,"0.0868035076412018",0.0502486858698552
"2021 Q1",0.0581737747695598,NA,"1434564","648889","785675",54.2881498023724,"0.00256581940352784",11253026,"3160000","0.280813356336331",-281472,838.55472551538,"72000000","-0.967454685169281",2021,"Bellevue CBD",13913563311.935,"0.099532464591405",0.0520092076992998
"2020 Q4",0.0534022488734549,NA,"1150213","529408","620805",54.0576649525798,"0.00681915416281541",11241006,"3172020","0.282182929179114",-230843,835.995128990417,"473500000","-0.738513364258891",2020,"Bellevue CBD",13871093682.6795,"0.0798037136684552",0.0522380223329308
"2020 Q3",0.0447054293895048,NA,"876635","393113","483522",54.2887160886661,"0.0255336356965555",11241006,"3172020","0.282182929179114",-92328,809.002584277268,"2078000000","5.54446963970773",2020,"Bellevue CBD",13423224905.1399,"0.0608224116157148",0.0533408502942989
"2020 Q2",0.0358623596500171,NA,"655903","368475","287428",54.0781437116004,"0.0387098558121247",11241006,"1103020","0.0981246696247649",-1836,803.653742727952,"2017300000","5.58774737117105",2020,"Bellevue CBD",13334475246.6174,"0.0531352574921667",0.0537954217751665
"2020 Q1",0.0321269288531649,NA,"590788","409352","181436",54.1492127017365,"0.0837563191302998",11241006,"1091000","0.0970553703111625",175965,808.476044480101,"2212300000","18.8912066175148",2020,"Bellevue CBD",13414488391.4918,"0.0479068855464391",0.0535805096304229
"2019 Q4",0.032866453411732,NA,"639612","496534","143078",53.6915341042847,"0.0954007951568412",11241006,"1091000","0.0970553703111625",179434,793.751197359133,"1810800000","12.9833780662946",2019,"Bellevue CBD",13170169104.4587,"0.0518660143370024",0.0542570274577133
"2019 Q3",0.0364919296369026,NA,"579942","470121","109821",52.9370409696924,"0.104896037607011",11241006,"734000","0.0652966469371158",406537,776.539102225187,"317520000","-0.439143742631288",2019,"Bellevue CBD",12884580617.3984,"0.0484293703067873",0.0546752857007166
"2019 Q2",0.0356990290726648,NA,"540730","402104","138626",52.0628002218377,"0.113684955135083",11241006,"0","0",162279,774.469632009586,"306220000","-0.459103668646236",2019,"Bellevue CBD",12850243317.7675,"0.0481033459104995",0.0543804241491573
"2019 Q1",0.0477807769162297,NA,"583904","424192","159712",49.964380134079,"0.089021534943549",11241006,"0","0",186987,762.62120522419,"111220000","-0.809597288558564",2019,"Bellevue CBD",12653650500.1382,"0.0519441053585418",0.0543174041537546
"2018 Q4",0.0488289037475827,NA,"575685","410937","167613",49.0154237076275,"0.0992405531771184",11241006,"0","0",171457,760.617265029995,"129496606","-0.771148268703383",2018,"Bellevue CBD",12620400495.1989,"0.0512129430408631",0.0538669699075126
"2018 Q3",0.0726574649991291,NA,"797420","631131","165906",47.911332078214,"0.0952183694217646",11241006,"0","0",-66182,757.903692712752,"566134363","0.111165530252385",2018,"Bellevue CBD",12575376051.2495,"0.0709384907365053",0.0534620181643742
"2018 Q2",0.0501353704463818,NA,"966917","817455","149462",46.7482298129122,"0.0774989665037301",11241006,"0","0",944326,740.684723803588,"566134363","0.111165530252385",2018,"Bellevue CBD",12289673512.3524,"0.0860169454584403",0.05344583062254
"2018 Q1",0.0657019311884844,NA,"1050318","881467","168851",45.8800662162011,"0.0843971383093007",11256488,"0","0",965884,738.305168387242,"584130337","-0.136540520527037",2018,"Bellevue CBD",12250191181.704,"0.0933077883616986",0.053002048311646
"2017 Q4",0.066887779040179,NA,"1096056","951493","144563",44.590261490953,"0.068804031978085",11274810,"0","0",1061586,726.225934746287,"565853731","-0.163556937418414",2017,"Bellevue CBD",12049768744.2539,"0.0972128133423091",0.053168816103649
"2017 Q3",0.0695679128960932,NA,"1010754","857112","153642",43.7459171758683,"0.0547204117432669",11274810,"0","0",1127943,711.783888127714,"509495973","1.65916478601253",2017,"Bellevue CBD",11810141771.9559,"0.0896470982659575",0.0533740731955169
"2017 Q2",0.136738623533346,NA,"1231013","1102030","128983",43.3858697466791,"0.0615004297437766",11274810,"0","0",463710,713.473646987551,"509495973","1.65916478601253",2017,"Bellevue CBD",11838178781.5426,"0.10918259376433",0.0527696069364406
"2017 Q1",0.153161478840721,NA,"1308214","1133257","174957",42.3092837442686,"0.0542707870737857",11278456,"0","0",227705,709.940745340915,"676499999","1.49700101135",2017,"Bellevue CBD",11779559768.0905,"0.115992295399299",0.0522203902987251
"2016 Q4",0.161314545182426,NA,"1218006","1116397","101609",41.7197729020798,"0.0548695691863616",11278456,"0","0",263828,705.166065220903,"676499999","-0.147318142244073",2016,"Bellevue CBD",11700336776.2897,"0.107994037481726",0.0519152983093256
"2016 Q3",0.082616345289318,NA,"1856344","1762824","93520",41.4763160822535,"0.0579094394316093",10205656,"1072800","0.105118181526009",351716,701.558706990942,"191600000","-0.756475495778904",2016,"Bellevue CBD",11640482355.8277,"0.164592032810165",0.0513915600093513
"2016 Q2",0.0917391297531486,NA,"1981443","1914154","67289",40.8722111936888,"0.0392369869654498",10205656,"1072800","0.105118181526009",103610,693.168145492274,"191600000","-0.756475495778904",2016,"Bellevue CBD",11501263524.8055,"0.175683887936434",0.0513116186586151
"2016 Q1",0.0866348879361844,NA,"1989164","1946616","42548",40.1313251424726,"0.0395527830500287",10207666,"1072800","0.105097482617476",181772,683.33826288948,"270925000","-0.481437739205206",2016,"Bellevue CBD",11338163026.0768,"0.176337041395276",0.0513764426756268
"2015 Q4",0.0991820265279056,NA,"2348684","2279628","69056",39.5496980107778,"0.0455411081334485",10207666,"1072800","0.105097482617476",114368,669.998203921617,"793379140","4.75648929724485",2015,"Bellevue CBD",11116820578.9035,"0.208208065163265",0.0518056148719823
"2015 Q3",0.117253052754665,NA,"2556025","2359039","275565",39.2059230556992,"0.0468904791509825",10207666,"1072800","0.105097482617476",-25727,651.475189753551,"786779140","1.22077188286898",2015,"Bellevue CBD",10809480911.6005,"0.226588600151802",0.0523475031248806
"2015 Q2",0.102068190710785,NA,"2489824","2167027","322797",39.3290574780588,"0.067037091816558",10207666,"1072800","0.105097482617476",148040,631.912425192375,"786779140","1.22077188286898",2015,"Bellevue CBD",10484889379.2934,"0.22071995961869",0.0528703632030469
"2015 Q1",0.104631753763482,NA,"2159002","1945810","213192",38.60441316383,"0.0510014934592894",10209826,"710000","0.0695408521163828",202722,626.43070434603,"522454140","0.474685086593037",2015,"Bellevue CBD",10393934945.7505,"0.197713956248021",0.0527793615525839
"2025 Q3",0.160367863267523,NA,"3458390","2788244","670146",43.4947140286049,"-0.0107813790592145",18850591,"266898","0.0141586011812574",-406459,549.548517368265,"55575000","-0.731334314313975",2025,"South Lake Union CBD",10506347690.033,"0.180901895641211",0.0693038765938263
"2025 Q2",0.160779892789568,NA,"3640627","2804481","858084",43.7553004999767,"0.00383623797638695",18850591,"266898","0.0141586011812574",-416156,546.671049049155,"197585000","2.47429112486499",2025,"South Lake Union CBD",10451335836.3528,"0.190434371375864",0.0691044108132568
"2025 Q1",0.142466620807804,NA,"3344334","2726806","617528",43.8389996196676,"0.0101618224359296",18850591,"266898","0.0141586011812574",-113468,542.373769963999,"208585000","3.54724872322342",2025,"South Lake Union CBD",10369179835.9946,"0.174935840161854",0.0692555610962026
"2024 Q4",0.14156442097757,NA,"3150531","2581764","568767",43.9339154844028,"0.00817085832770131",18850591,"266898","0.0141586011812574",-500730,554.473469454069,"254455594","-",2024,"South Lake Union CBD",10600503633.2025,"0.164798368656051",0.0682343761278292
"2024 Q3",0.138805727629441,NA,"3229036","2450916","778120",43.9687578740074,"0.00525672508160106",18850591,"266898","0.0141586011812574",-450146,577.736300065791,"206855594","11.0676351510876",2024,"South Lake Union CBD",11045245778.685,"0.168904817991526",0.0668007346375778
"2024 Q2",0.138703343571562,NA,"3245895","2466523","779372",43.5880862282698,"-0.00411264625010894",18850591,"266898","0.0141586011812574",-371413,546.703804788823,"56870594","2.31774242091625",2024,"South Lake Union CBD",10451962065.3006,"0.169786680667111",0.0683126315074832
"2024 Q1",0.136447286984265,NA,"3233857","2430923","802934",43.397996881285,"-0.009685707170031",18850591,"266898","0.0141586011812574",-423692,556.289812184964,"45870594","-0.805337249103302",2024,"South Lake Union CBD",10635228735.0851,"0.169156995461067",0.0671798031698579
"2023 Q4",0.106271558048869,NA,"3041097","2266940","808643",43.5778470697695,"-0.0130507389984753",18666462,"454898","0.0243698029117676",-162903,589.856375275874,"0","-1",2023,"South Lake Union CBD",11276959121.8422,"0.159041877774384",0.0647909238969536
"2023 Q3",0.106195539358235,NA,"2831612","2072146","793952",43.7388348438438,"-0.0108290748576671",18666462,"454898","0.0243698029117676",-154601,604.442255973195,"17141353","-0.988313284350661",2023,"South Lake Union CBD",11555814089.3804,"0.148086328587506",0.0633512876417815
"2023 Q2",0.0952046954398379,NA,"2725091","2102731","622360",43.768088894938,"-0.00276742493750026",18354830,"766530","0.0417617597112041",-273544,620.939702380336,"17141353","-0.990115918109065",2023,"South Lake Union CBD",11871214645.4244,"0.142515542827498",0.0617354059745549
"2023 Q1",0.0773852718898764,NA,"2475469","2026463","452989",43.8224482828263,"-0.00511342676589464",18103083,"1034597","0.0571503207492337",259508,637.320154267564,"235641353","-0.844757114934459",2023,"South Lake Union CBD",12184378483.3895,"0.129350527336647",0.0602108126616266
"2022 Q4",0.0625938174518549,NA,"2339407","1866000","534810",44.1540905816658,"0.00110908678960044",17953083,"1184597","0.0659829289487494",282459,661.080375603045,"1077141354","0.561205067274463",2022,"South Lake Union CBD",12638629816.3531,"0.122240888132731",0.0582549558534029
"2022 Q3",0.0629772056420616,NA,"1960689","1749015","211674",44.2176713165625,"-0.0060908721719361",17953083,"1184597","0.0659829289487494",231819,685.931563411344,"1466738262","0.890685969652205",2022,"South Lake Union CBD",13113738403.4432,"0.102451760087952",0.0560309048448427
"2022 Q2",0.0606299764781347,NA,"2072908","1880680","192228",43.8895499299097,"-0.0184364884566218",17953083,"1184597","0.0659829289487494",551370,706.024953385088,"1734238262","2.37880027909732",2022,"South Lake Union CBD",13497886726.4094,"0.108315532499237",0.0541116184489457
"2022 Q1",0.0664242390899776,NA,"2041062","1848265","192797",44.0476828834582,"-0.0160630041635012",17595083,"1542597","0.0876720501972057",238948,706.471098202822,"1517888262","1.96972725372997",2022,"South Lake Union CBD",13506416187.2797,"0.106651485446512",0.0533574907368623
"2021 Q4",0.0445199297696217,NA,"1595744","1475659","120085",44.1051741157011,"-0.0199352699453805",17317862,"1649489","0.0952478429496666",242085,717.57723054648,"689942261","0.386382730771424",2021,"South Lake Union CBD",13718744824.7088,"0.0841310945318616",0.0523319239731116
"2021 Q3",0.0452284438855301,NA,"1759476","1639805","119671",44.4886459722822,"-0.0162530017204313",17376543,"1499489","0.086293861788274",183727,719.51924420881,"775770427","0.122470802199564",2021,"South Lake Union CBD",13755872521.5552,"0.0932121751012077",0.0519632348140594
"2021 Q2",0.049995550826335,NA,"1475312","1323229","152083",44.7139175547584,"-0.0173059877196757",17171728,"1399412","0.081495118021902",-179842,706.138910263386,"513270427","-0.251931404543974",2021,"South Lake Union CBD",13500065370.4185,"0.0794411113157297",0.0523883969443896
"2021 Q1",0.0424385130622586,NA,"1456948","1220272","236676",44.7667717240481,"-0.0271021783099383",16904810,"1399432","0.0827830658847985",352948,692.567983375729,"511120427","-0.364615911329206",2021,"South Lake Union CBD",13240614435.9668,"0.0795961941499681",0.0532038725991916
"2020 Q4",0.0354942173263113,NA,"1411455","1186587","224868",45.0023072590757,"-0.0054410361176626",16904810,"1399432","0.0827830658847985",458464,695.737039558814,"497656416","-0.69515550504654",2020,"South Lake Union CBD",13301200908.4191,"0.0771108139850861",0.0532029279336948
"2020 Q3",0.0236732242671763,NA,"1082659","889618","193041",45.2236662984349,"0.00102365134136093",16804724,"1141518","0.0679283991810874",602245,677.964615297133,"691127489","-0.308045771699523",2020,"South Lake Union CBD",12961425142.1552,"0.0603278948316868",0.0541663210346674
"2020 Q2",0.0185462135528081,NA,"927365","831542","95823",45.5013635943507,"0.0169837890244456",16804724,"1141518","0.0679283991810874",1243717,676.659210223273,"686127489","-0.510417638380219",2020,"South Lake Union CBD",12936468219.9748,"0.0516746068619826",0.0545175729317658
"2020 Q1",0.0204329299450532,NA,"867169","800554","66615",46.013847216023,"0.0352086292343483",16164740,"1781502","0.110209134201973",857787,676.859965854552,"804427489","-0.432354354185939",2020,"South Lake Union CBD",12940306295.0424,"0.048320367016114",0.0546112326428758
"2019 Q4",0.0214163175472052,NA,"596517","578571","17946",45.2485060145713,"0.0328664118369063",16193120,"1343071","0.082940841542581",1164515,671.385604417008,"1632492711","1.74380299075122",2019,"South Lake Union CBD",12835646664.7714,"0.034016337983545",0.0544187400229332
"2019 Q3",0.024346674650674,NA,"377199","336256","40943",45.1774203714724,"0.0336242819025413",16199050,"639984","0.039507501983141",1186050,660.630156472098,"998805211","0.802932711801096",2019,"South Lake Union CBD",12630022462.1761,"0.022400275455231",0.0546481156755593
"2019 Q2",0.0378925165443875,NA,"504118","428097","76021",44.7414836749743,"0.0385792811903809",15849937,"989097","0.0624038442550276",796710,654.396969913617,"1401454674","3.29308427921708",2019,"South Lake Union CBD",12510855503.9722,"0.0299374655339493",0.0545110731864976
"2019 Q1",0.0242156002780498,NA,"492901","348455","144446",44.448863655682,"0.040142286800494",15348329,"1493904","0.0973333318565168",616257,651.758595811304,"1417129674","1.49800439962851",2019,"South Lake Union CBD",12460414687.9583,"0.0292657749123884",0.0541145547633703
"2018 Q4",0.0197342324673049,NA,"450766","319581","131185",43.8086721535448,"0.0313277094087885",14977375,"1871206","0.124935511062519",519967,647.404104821436,"594974463","-0.283374963587412",2018,"South Lake Union CBD",12377164902.1673,"0.0267539444419681",0.0537254994756813
"2018 Q3",0.0239539972792295,NA,"501012","375629","125383",43.7077777316885,"0.0425677371949956",14977375,"1871206","0.124935511062519",843253,643.113913923381,"553989178","-0.480477229210679",2018,"South Lake Union CBD",12295144414.7908,"0.0297361540416965",0.0533484940265122
"2018 Q2",0.0350356454318597,NA,"613265","420983","192282",43.0795072511876,"0.0370755018076308",14977375,"1871206","0.124935511062519",700670,630.508007286277,"326444715","-0.71370210528121",2018,"South Lake Union CBD",12054142876.4521,"0.0363986142215775",0.0531922366498547
"2018 Q1",0.0411936003471903,NA,"555856","390181","165675",42.7334454331319,"0.0456149281418328",14977375,"1871206","0.124935511062519",941496,628.859348165769,"567304715","-0.258805435179907",2018,"South Lake Union CBD",12022623573.9793,"0.0329912649617199",0.0527582872685236
"2017 Q4",0.0561099041122998,NA,"737525","606361","131164",42.4779357268101,"0.0422796382451281",15003697,"1871206","0.124716328248964",1054941,620.300058553137,"830245153","0.295210000748816",2017,"South Lake Union CBD",11858985842.6273,"0.0437054364105085",0.0528293503632989
"2017 Q3",0.0818693552662387,NA,"917449","822834","94615",41.9232018912107,"0.0455516279879922",15003697,"1666265","0.111056961494224",813279,611.408812684589,"1066342438","0.125786542096518",2017,"South Lake Union CBD",11689001723.773,"0.0550360582705587",0.0528414369655339
"2017 Q2",0.0834283710208224,NA,"967393","826491","140902",41.5394126812365,"0.061436008592511",15003697,"1664390","0.110931992294966",1413392,616.096815257109,"1140227438","0.403232555769426",2017,"South Lake Union CBD",11778627632.0268,"0.058038633947615",0.0521048215697089
"2017 Q1",0.0828652911213787,NA,"1027199","824387","202812",40.8691998201228,"0.0634728300638586",14631337,"2039390","0.139385074651756",1568260,611.901275295269,"765392438","-0.0580619697898094",2017,"South Lake Union CBD",11698416694.8786,"0.0616169288837853",0.0516361515614696
"2016 Q4",0.0699197607191199,NA,"1283614","839099","202997",40.7548360038287,"0.058548346495259",14092225,"2822906","0.200316557534385",1245845,611.610281935569,"641012000","-0.242810662882722",2016,"South Lake Union CBD",11692853441.9248,"0.0758855488615489",0.0511364596213942
"2016 Q3",0.0750555734108488,NA,"1558849","1377122","189848",40.0967305381999,"0.0564801086743815",14013896,"1197965","0.0854840795165028",941476,605.48886240679,"947197713","1.87976266527056",2016,"South Lake Union CBD",11575823261.8892,"0.102475890359503",0.0509461249121254
"2016 Q2",0.0910720190799744,NA,"1420065","1389877","38309",39.1351078585687,"0.0513631925531965",13574861,"1802000","0.132745373967365",1493129,598.781841711774,"812571967","2.76553426604717",2016,"South Lake Union CBD",11447597474.4309,"0.0923507730218801",0.0508325269394874
"2016 Q1",0.107521841652554,NA,"1335368","1243220","98226",38.4299426038639,"0.0579912063247955",13284938,"1929699","0.145254648535055",1093454,587.382229561813,"812571967","2.76553426604717",2016,"South Lake Union CBD",11229658047.8038,"0.0877686401588155",0.0510033203462637
"2015 Q4",0.107180251800949,NA,"1388179","1336073","52106",38.500684582583,"0.0785875995092177",13284938,"1924659","0.144875271529306",1148561,579.750358116091,"846567653","4.90513541105875",2015,"South Lake Union CBD",11083750830.515,"0.0912699396308791",0.0512427326937699
"2015 Q3",0.0844645256441122,NA,"1427252","1386612","40640",37.9531334371371,"0.0822347114302286",13129583,"1852636","0.141103948236589",1728522,572.23188513012,"328915200","1.08671195022027",2015,"South Lake Union CBD",10940011581.3091,"0.0952630581624791",0.0513836176464096
"2015 Q2",0.0864443639915557,NA,"1457860","1423413","34447",37.223205202315,"0.0778144445639586",11871682,"2735537","0.230425393806876",523532,553.297597741481,"215791946","-0.149630075867926",2015,"South Lake Union CBD",10578023148.4757,"0.0998040763269175",0.051978215745315
"2015 Q1",0.0854878788298705,NA,"1804639","1780242","24397",36.3234990745908,"0.0697589040828389",11762767,"2439984","0.207432825966883",539101,541.23906346638,"215791946","-0.175304079467057",2015,"South Lake Union CBD",10347486353.7754,"0.127062637372154",0.0523808845710128
